{
  "setting": {},
  "condition": {
    "plugin": {
      "list": []
    },
    "game": {
      "list": []
    },
    "gamePlugin": {
      "list": []
    },
    "miniprogram": {
      "list": [
        {
          "id": -1,
          "name": "db guide",
          "pathName": "pages/databaseGuide/databaseGuide",
          "query": ""
        },
        {
          "name": "pages/address/address",
          "pathName": "pages/address/address",
          "query": "",
          "scene": null
        },
        {
          "name": "pages/me/me",
          "pathName": "pages/me/me",
          "query": "",
          "scene": null
        },
        {
          "name": "pages/food/food",
          "pathName": "pages/food/food",
          "query": "",
          "scene": null
        },
        {
          "name": "pages/cart/cart",
          "pathName": "pages/cart/cart",
          "query": "",
          "scene": null
        }
      ]
    }
  }
}