{
    "setting": {},
    "condition": {
        "plugin": {
            "list": []
        },
        "game": {
            "list": []
        },
        "gamePlugin": {
            "list": []
        },
        "miniprogram": {
            "list": [
                {
                    "id": -1,
                    "name": "db guide",
                    "pathName": "pages/databaseGuide/databaseGuide",
                    "query": ""
                },
                {
                    "name": "pages/address/address",
                    "pathName": "pages/address/address",
                    "query": "",
                    "scene": null
                },
                {
                    "name": "pages/me/me",
                    "pathName": "pages/me/me",
                    "query": "",
                    "scene": null
                },
                {
                    "name": "pages/food/food",
                    "pathName": "pages/food/food",
                    "query": "",
                    "scene": null
                },
                {
                    "name": "pages/cart/cart",
                    "pathName": "pages/cart/cart",
                    "query": "",
                    "scene": null
                },
                {
                    "name": "pages/pay/pay",
                    "pathName": "pages/pay/pay",
                    "query": "",
                    "scene": null
                },
                {
                    "name": "pages/myOrder/myOrder",
                    "pathName": "pages/myOrder/myOrder",
                    "query": "",
                    "scene": null
                },
                {
                    "name": "pages/mycomment/mycomment",
                    "pathName": "pages/mycomment/mycomment",
                    "query": "",
                    "scene": null
                },
                {
                    "name": "pages/admin/admin",
                    "pathName": "pages/admin/admin",
                    "query": "",
                    "scene": null
                },
                {
                    "name": "pages/adminHouchu/adminHouchu",
                    "pathName": "pages/adminHouchu/adminHouchu",
                    "query": "",
                    "scene": null
                },
                {
                    "name": "pages/paihao/paihao",
                    "pathName": "pages/paihao/paihao",
                    "query": "",
                    "scene": null
                },
                {
                    "name": "",
                    "pathName": "pages/adminPaihao/adminPaihao",
                    "query": "",
                    "launchMode": "default",
                    "scene": null
                },
                {
                    "name": "",
                    "pathName": "pages/food2/food2",
                    "query": "",
                    "scene": null,
                    "launchMode": "default"
                }
            ]
        }
    }
}